<metadata xml:lang="en"><Esri><CreaDate>20191204</CreaDate><CreaTime>12081900</CreaTime><ArcGISFormat>1.0</ArcGISFormat><SyncOnce>FALSE</SyncOnce><DataProperties><lineage><Process ToolSource="d:\arcgispro\program\Resources\ArcToolbox\toolboxes\Data Management Tools.tbx\CreateFeatureclass" Date="20191204" Time="120819">CreateFeatureclass "C:\Users\tobym\Documents\ArcGIS\Projects\Program testing\Program testing.gdb" Alpinefaultline_GeneratePoin3 Point # No No "PROJCS['NZGD_2000_New_Zealand_Transverse_Mercator',GEOGCS['GCS_NZGD_2000',DATUM['D_NZGD_2000',SPHEROID['GRS_1980',6378137.0,298.257222101]],PRIMEM['Greenwich',0.0],UNIT['Degree',0.0174532925199433]],PROJECTION['Transverse_Mercator'],PARAMETER['False_Easting',1600000.0],PARAMETER['False_Northing',10000000.0],PARAMETER['Central_Meridian',173.0],PARAMETER['Scale_Factor',0.9996],PARAMETER['Latitude_Of_Origin',0.0],UNIT['Meter',1.0]];-4020900 1900 10000;-100000 10000;-100000 10000;0.001;0.001;0.001;IsHighPrecision" # 0 0 0 #</Process><Process ToolSource="d:\arcgispro\program\Resources\ArcToolbox\toolboxes\Data Management Tools.tbx\AddField" Date="20191204" Time="120819">AddField "C:\Users\tobym\Documents\ArcGIS\Projects\Program testing\Program testing.gdb\Alpinefaultline_GeneratePoin3" ORIG_FID "Long (large integer)" # # # # NULLABLE NON_REQUIRED #</Process><Process ToolSource="d:\arcgispro\program\Resources\ArcToolbox\toolboxes\Data Management Tools.tbx\JoinField" Date="20191204" Time="120820">JoinField "C:\Users\tobym\Documents\ArcGIS\Projects\Program testing\Program testing.gdb\Alpinefaultline_GeneratePoin3" ORIG_FID "Alpine fault line" OBJECTID #</Process><Process ToolSource="d:\arcgispro\program\Resources\ArcToolbox\toolboxes\Data Management Tools.tbx\AddSpatialIndex" Date="20191204" Time="120821">AddSpatialIndex "C:\Users\tobym\Documents\ArcGIS\Projects\Program testing\Program testing.gdb\Alpinefaultline_GeneratePoin3" 0 0 0</Process><Process ToolSource="d:\arcgispro\program\Resources\ArcToolbox\toolboxes\Data Management Tools.tbx\GeneratePointsAlongLines" Date="20191204" Time="120821">GeneratePointsAlongLines "Alpine fault line" "C:\Users\tobym\Documents\ArcGIS\Projects\Program testing\Program testing.gdb\Alpinefaultline_GeneratePoin3" "By percentage" # 2 END_POINTS</Process><Process ToolSource="d:\arcgispro\program\Resources\ArcToolbox\toolboxes\Data Management Tools.tbx\Rename" Date="20191204" Time="121748">Rename "C:\Users\tobym\Documents\ArcGIS\Projects\Program testing\Program testing.gdb\Alpinefaultline_GeneratePoin3" "C:\Users\tobym\Documents\ArcGIS\Projects\Program testing\Program testing.gdb\theoretical_points" FeatureClass</Process><Process ToolSource="d:\arcgispro\program\Resources\ArcToolbox\toolboxes\Data Management Tools.tbx\AddField" Date="20191204" Time="155203">AddField "C:\Users\tobym\Documents\ArcGIS\Projects\Program testing\Program testing.gdb\theoretical_points" NEAR_DIST "Double  (double precision)" # # # # NULLABLE NON_REQUIRED #</Process><Process ToolSource="d:\arcgispro\program\Resources\ArcToolbox\toolboxes\Data Management Tools.tbx\AddField" Date="20191204" Time="155203">AddField "C:\Users\tobym\Documents\ArcGIS\Projects\Program testing\Program testing.gdb\theoretical_points" NEAR_X "Double  (double precision)" # # # # NULLABLE NON_REQUIRED #</Process><Process ToolSource="d:\arcgispro\program\Resources\ArcToolbox\toolboxes\Data Management Tools.tbx\AddField" Date="20191204" Time="155203">AddField "C:\Users\tobym\Documents\ArcGIS\Projects\Program testing\Program testing.gdb\theoretical_points" NEAR_Y "Double  (double precision)" # # # # NULLABLE NON_REQUIRED #</Process><Process ToolSource="d:\arcgispro\program\Resources\ArcToolbox\toolboxes\Data Management Tools.tbx\AddField" Date="20191204" Time="155250">AddField "C:\Users\tobym\Documents\ArcGIS\Projects\Program testing\Program testing.gdb\theoretical_points" NEAR_DIST "Double  (double precision)" # # # # NULLABLE NON_REQUIRED #</Process><Process ToolSource="d:\arcgispro\program\Resources\ArcToolbox\toolboxes\Data Management Tools.tbx\AddField" Date="20191204" Time="155250">AddField "C:\Users\tobym\Documents\ArcGIS\Projects\Program testing\Program testing.gdb\theoretical_points" NEAR_X "Double  (double precision)" # # # # NULLABLE NON_REQUIRED #</Process><Process ToolSource="d:\arcgispro\program\Resources\ArcToolbox\toolboxes\Data Management Tools.tbx\AddField" Date="20191204" Time="155251">AddField "C:\Users\tobym\Documents\ArcGIS\Projects\Program testing\Program testing.gdb\theoretical_points" NEAR_Y "Double  (double precision)" # # # # NULLABLE NON_REQUIRED #</Process><Process ToolSource="d:\arcgispro\program\Resources\ArcToolbox\toolboxes\Analysis Tools.tbx\Near" Date="20191204" Time="160404">Near "C:\Users\tobym\Documents\ArcGIS\Projects\Program testing\Program testing.gdb\theoretical_points" in_memory\f093B653D_F29B_4053_8B04_F605359268DD # LOCATION NO_ANGLE Planar</Process><Process ToolSource="d:\arcgispro\program\Resources\ArcToolbox\toolboxes\Analysis Tools.tbx\Near" Date="20191204" Time="160542">Near "C:\Users\tobym\Documents\ArcGIS\Projects\Program testing\Program testing.gdb\theoretical_points" in_memory\fA5B82FEA_BD28_44C0_BDCD_32188CDCD766 # LOCATION NO_ANGLE Planar</Process><Process ToolSource="d:\arcgispro\program\Resources\ArcToolbox\toolboxes\Data Management Tools.tbx\AddField" Date="20191204" Time="164458">AddField "C:\Users\tobym\Documents\ArcGIS\Projects\Program testing\Program testing.gdb\theoretical_points" BEST_X "Double  (double precision)" # # # # NULLABLE NON_REQUIRED #</Process><Process ToolSource="d:\arcgispro\program\Resources\ArcToolbox\toolboxes\Data Management Tools.tbx\AddField" Date="20191204" Time="164458">AddField "C:\Users\tobym\Documents\ArcGIS\Projects\Program testing\Program testing.gdb\theoretical_points" BEST_Y "Double  (double precision)" # # # # NULLABLE NON_REQUIRED #</Process><Process ToolSource="d:\arcgispro\program\Resources\ArcToolbox\toolboxes\Data Management Tools.tbx\AddField" Date="20191204" Time="164459">AddField "C:\Users\tobym\Documents\ArcGIS\Projects\Program testing\Program testing.gdb\theoretical_points" BEST_RATING "Double  (double precision)" # # # # NULLABLE NON_REQUIRED #</Process><Process ToolSource="d:\arcgispro\program\Resources\ArcToolbox\toolboxes\Data Management Tools.tbx\AddField" Date="20191204" Time="164641">AddField "C:\Users\tobym\Documents\ArcGIS\Projects\Program testing\Program testing.gdb\theoretical_points" BEST_X "Double  (double precision)" # # # # NULLABLE NON_REQUIRED #</Process><Process ToolSource="d:\arcgispro\program\Resources\ArcToolbox\toolboxes\Data Management Tools.tbx\AddField" Date="20191204" Time="164641">AddField "C:\Users\tobym\Documents\ArcGIS\Projects\Program testing\Program testing.gdb\theoretical_points" BEST_Y "Double  (double precision)" # # # # NULLABLE NON_REQUIRED #</Process><Process ToolSource="d:\arcgispro\program\Resources\ArcToolbox\toolboxes\Data Management Tools.tbx\AddField" Date="20191204" Time="164642">AddField "C:\Users\tobym\Documents\ArcGIS\Projects\Program testing\Program testing.gdb\theoretical_points" BEST_RATING "Double  (double precision)" # # # # NULLABLE NON_REQUIRED #</Process><Process ToolSource="d:\arcgispro\program\Resources\ArcToolbox\toolboxes\Analysis Tools.tbx\Near" Date="20191204" Time="164643">Near "C:\Users\tobym\Documents\ArcGIS\Projects\Program testing\Program testing.gdb\theoretical_points" in_memory\fFAC4BAC4_E923_44B8_A0A0_CC6AE49E0285 # LOCATION NO_ANGLE Planar</Process><Process ToolSource="d:\arcgispro\program\Resources\ArcToolbox\toolboxes\Data Management Tools.tbx\AddField" Date="20191204" Time="164746">AddField "C:\Users\tobym\Documents\ArcGIS\Projects\Program testing\Program testing.gdb\theoretical_points" BEST_X "Double  (double precision)" # # # # NULLABLE NON_REQUIRED #</Process><Process ToolSource="d:\arcgispro\program\Resources\ArcToolbox\toolboxes\Data Management Tools.tbx\AddField" Date="20191204" Time="164746">AddField "C:\Users\tobym\Documents\ArcGIS\Projects\Program testing\Program testing.gdb\theoretical_points" BEST_Y "Double  (double precision)" # # # # NULLABLE NON_REQUIRED #</Process><Process ToolSource="d:\arcgispro\program\Resources\ArcToolbox\toolboxes\Data Management Tools.tbx\AddField" Date="20191204" Time="164747">AddField "C:\Users\tobym\Documents\ArcGIS\Projects\Program testing\Program testing.gdb\theoretical_points" BEST_RATING "Double  (double precision)" # # # # NULLABLE NON_REQUIRED #</Process><Process ToolSource="d:\arcgispro\program\Resources\ArcToolbox\toolboxes\Analysis Tools.tbx\Near" Date="20191204" Time="164748">Near "C:\Users\tobym\Documents\ArcGIS\Projects\Program testing\Program testing.gdb\theoretical_points" in_memory\f233ACDEA_5F66_4150_AED6_AC0CDE2FDEA4 # LOCATION NO_ANGLE Planar</Process><Process ToolSource="d:\arcgispro\program\Resources\ArcToolbox\toolboxes\Analysis Tools.tbx\Near" Date="20191204" Time="164750">Near "C:\Users\tobym\Documents\ArcGIS\Projects\Program testing\Program testing.gdb\theoretical_points" in_memory\f33D6C3C2_5746_4988_A972_792CF2415945 # LOCATION NO_ANGLE Planar</Process><Process ToolSource="d:\arcgispro\program\Resources\ArcToolbox\toolboxes\Data Management Tools.tbx\AddField" Date="20191204" Time="165025">AddField "C:\Users\tobym\Documents\ArcGIS\Projects\Program testing\Program testing.gdb\theoretical_points" BEST_X "Double  (double precision)" # # # # NULLABLE NON_REQUIRED #</Process><Process ToolSource="d:\arcgispro\program\Resources\ArcToolbox\toolboxes\Data Management Tools.tbx\AddField" Date="20191204" Time="165025">AddField "C:\Users\tobym\Documents\ArcGIS\Projects\Program testing\Program testing.gdb\theoretical_points" BEST_Y "Double  (double precision)" # # # # NULLABLE NON_REQUIRED #</Process><Process ToolSource="d:\arcgispro\program\Resources\ArcToolbox\toolboxes\Data Management Tools.tbx\AddField" Date="20191204" Time="165025">AddField "C:\Users\tobym\Documents\ArcGIS\Projects\Program testing\Program testing.gdb\theoretical_points" BEST_RATING "Double  (double precision)" # # # # NULLABLE NON_REQUIRED #</Process><Process ToolSource="d:\arcgispro\program\Resources\ArcToolbox\toolboxes\Analysis Tools.tbx\Near" Date="20191204" Time="165026">Near "C:\Users\tobym\Documents\ArcGIS\Projects\Program testing\Program testing.gdb\theoretical_points" in_memory\f6E390529_2FA0_4FDC_8A5C_508A48B1E43A # LOCATION NO_ANGLE Planar</Process><Process ToolSource="d:\arcgispro\program\Resources\ArcToolbox\toolboxes\Analysis Tools.tbx\Near" Date="20191204" Time="165028">Near "C:\Users\tobym\Documents\ArcGIS\Projects\Program testing\Program testing.gdb\theoretical_points" in_memory\fFACBCFED_D1FF_4BF9_86F9_8344ABA3920F # LOCATION NO_ANGLE Planar</Process><Process ToolSource="d:\arcgispro\program\Resources\ArcToolbox\toolboxes\Analysis Tools.tbx\Near" Date="20191204" Time="165028">Near "C:\Users\tobym\Documents\ArcGIS\Projects\Program testing\Program testing.gdb\theoretical_points" in_memory\fC9676D5B_7B6D_4607_A8B1_215CF4D0CC83 # LOCATION NO_ANGLE Planar</Process><Process ToolSource="d:\arcgispro\program\Resources\ArcToolbox\toolboxes\Analysis Tools.tbx\Near" Date="20191204" Time="165029">Near "C:\Users\tobym\Documents\ArcGIS\Projects\Program testing\Program testing.gdb\theoretical_points" in_memory\fD01834DD_55B0_4E1D_82C3_09559AEC1429 # LOCATION NO_ANGLE Planar</Process><Process ToolSource="d:\arcgispro\program\Resources\ArcToolbox\toolboxes\Analysis Tools.tbx\Near" Date="20191204" Time="165033">Near "C:\Users\tobym\Documents\ArcGIS\Projects\Program testing\Program testing.gdb\theoretical_points" in_memory\f7C8DA822_55FE_4ACA_9899_ED8EEE49F72B # LOCATION NO_ANGLE Planar</Process><Process ToolSource="d:\arcgispro\program\Resources\ArcToolbox\toolboxes\Analysis Tools.tbx\Near" Date="20191204" Time="165037">Near "C:\Users\tobym\Documents\ArcGIS\Projects\Program testing\Program testing.gdb\theoretical_points" in_memory\f6D2F00A9_CFC9_46DE_8A3D_88381620D38F # LOCATION NO_ANGLE Planar</Process><Process ToolSource="d:\arcgispro\program\Resources\ArcToolbox\toolboxes\Analysis Tools.tbx\Near" Date="20191204" Time="165038">Near "C:\Users\tobym\Documents\ArcGIS\Projects\Program testing\Program testing.gdb\theoretical_points" in_memory\f54552919_8C26_4117_A823_428CB6481C18 # LOCATION NO_ANGLE Planar</Process><Process ToolSource="d:\arcgispro\program\Resources\ArcToolbox\toolboxes\Analysis Tools.tbx\Near" Date="20191204" Time="165042">Near "C:\Users\tobym\Documents\ArcGIS\Projects\Program testing\Program testing.gdb\theoretical_points" in_memory\fC98F458F_635D_47E7_ACC4_1F4A1C12DA13 # LOCATION NO_ANGLE Planar</Process><Process ToolSource="d:\arcgispro\program\Resources\ArcToolbox\toolboxes\Analysis Tools.tbx\Near" Date="20191204" Time="165043">Near "C:\Users\tobym\Documents\ArcGIS\Projects\Program testing\Program testing.gdb\theoretical_points" in_memory\f26CA1701_7C97_4AB7_BF4B_CCAEF01FA01E # LOCATION NO_ANGLE Planar</Process><Process ToolSource="d:\arcgispro\program\Resources\ArcToolbox\toolboxes\Analysis Tools.tbx\Near" Date="20191204" Time="165045">Near "C:\Users\tobym\Documents\ArcGIS\Projects\Program testing\Program testing.gdb\theoretical_points" in_memory\fC2588BE4_7608_4004_8BBF_952206A75EDF # LOCATION NO_ANGLE Planar</Process><Process ToolSource="d:\arcgispro\program\Resources\ArcToolbox\toolboxes\Data Management Tools.tbx\CopyFeatures" Date="20191204" Time="170336">CopyFeatures "C:\Users\tobym\Documents\ArcGIS\Projects\Program testing\Program testing.gdb\theoretical_points" "D:\arcGIS Data\theoretical_points\theoretical_points.shp" # # # #</Process></lineage><itemProps><itemName Sync="TRUE">theoretical_points</itemName><imsContentType Sync="TRUE">002</imsContentType><itemSize Sync="TRUE">0.000</itemSize><itemLocation><linkage Sync="TRUE">file://\\DESKTOP-IRIRUB7\D$\arcGIS Data\theoretical_points\theoretical_points.shp</linkage><protocol Sync="TRUE">Local Area Network</protocol></itemLocation></itemProps><coordRef><type Sync="TRUE">Projected</type><geogcsn Sync="TRUE">GCS_NZGD_2000</geogcsn><csUnits Sync="TRUE">Linear Unit: Meter (1.000000)</csUnits><projcsn Sync="TRUE">NZGD_2000_New_Zealand_Transverse_Mercator</projcsn><peXml Sync="TRUE">&lt;ProjectedCoordinateSystem xsi:type='typens:ProjectedCoordinateSystem' xmlns:xsi='http://www.w3.org/2001/XMLSchema-instance' xmlns:xs='http://www.w3.org/2001/XMLSchema' xmlns:typens='http://www.esri.com/schemas/ArcGIS/2.3.0'&gt;&lt;WKT&gt;PROJCS[&amp;quot;NZGD_2000_New_Zealand_Transverse_Mercator&amp;quot;,GEOGCS[&amp;quot;GCS_NZGD_2000&amp;quot;,DATUM[&amp;quot;D_NZGD_2000&amp;quot;,SPHEROID[&amp;quot;GRS_1980&amp;quot;,6378137.0,298.257222101]],PRIMEM[&amp;quot;Greenwich&amp;quot;,0.0],UNIT[&amp;quot;Degree&amp;quot;,0.0174532925199433]],PROJECTION[&amp;quot;Transverse_Mercator&amp;quot;],PARAMETER[&amp;quot;False_Easting&amp;quot;,1600000.0],PARAMETER[&amp;quot;False_Northing&amp;quot;,10000000.0],PARAMETER[&amp;quot;Central_Meridian&amp;quot;,173.0],PARAMETER[&amp;quot;Scale_Factor&amp;quot;,0.9996],PARAMETER[&amp;quot;Latitude_Of_Origin&amp;quot;,0.0],UNIT[&amp;quot;Meter&amp;quot;,1.0],AUTHORITY[&amp;quot;EPSG&amp;quot;,2193]]&lt;/WKT&gt;&lt;XOrigin&gt;-4020900&lt;/XOrigin&gt;&lt;YOrigin&gt;1900&lt;/YOrigin&gt;&lt;XYScale&gt;450445547.3910538&lt;/XYScale&gt;&lt;ZOrigin&gt;-100000&lt;/ZOrigin&gt;&lt;ZScale&gt;10000&lt;/ZScale&gt;&lt;MOrigin&gt;-100000&lt;/MOrigin&gt;&lt;MScale&gt;10000&lt;/MScale&gt;&lt;XYTolerance&gt;0.001&lt;/XYTolerance&gt;&lt;ZTolerance&gt;0.001&lt;/ZTolerance&gt;&lt;MTolerance&gt;0.001&lt;/MTolerance&gt;&lt;HighPrecision&gt;true&lt;/HighPrecision&gt;&lt;WKID&gt;2193&lt;/WKID&gt;&lt;LatestWKID&gt;2193&lt;/LatestWKID&gt;&lt;/ProjectedCoordinateSystem&gt;</peXml></coordRef></DataProperties><SyncDate>20191204</SyncDate><SyncTime>17033600</SyncTime><ModDate>20191204</ModDate><ModTime>17033600</ModTime></Esri><dataIdInfo><envirDesc Sync="TRUE">Microsoft Windows 10 Version 10.0 (Build 17134) ; Esri ArcGIS 12.3.0.15769</envirDesc><dataLang><languageCode value="eng" Sync="TRUE"></languageCode><countryCode value="AUS" Sync="TRUE"></countryCode></dataLang><idCitation><resTitle Sync="TRUE">theoretical_points</resTitle><presForm><PresFormCd value="005" Sync="TRUE"></PresFormCd></presForm></idCitation><spatRpType><SpatRepTypCd value="001" Sync="TRUE"></SpatRepTypCd></spatRpType></dataIdInfo><mdLang><languageCode value="eng" Sync="TRUE"></languageCode><countryCode value="AUS" Sync="TRUE"></countryCode></mdLang><distInfo><distFormat><formatName Sync="TRUE">Shapefile</formatName></distFormat><distTranOps><transSize Sync="TRUE">0.000</transSize></distTranOps></distInfo><mdHrLv><ScopeCd value="005" Sync="TRUE"></ScopeCd></mdHrLv><mdHrLvName Sync="TRUE">dataset</mdHrLvName><refSysInfo><RefSystem><refSysID><identCode code="2193" Sync="TRUE"></identCode><idCodeSpace Sync="TRUE">EPSG</idCodeSpace><idVersion Sync="TRUE">7.9.4(9.0.0)</idVersion></refSysID></RefSystem></refSysInfo><spatRepInfo><VectSpatRep><geometObjs Name="theoretical_points"><geoObjTyp><GeoObjTypCd value="004" Sync="TRUE"></GeoObjTypCd></geoObjTyp><geoObjCnt Sync="TRUE">0</geoObjCnt></geometObjs><topLvl><TopoLevCd value="001" Sync="TRUE"></TopoLevCd></topLvl></VectSpatRep></spatRepInfo><spdoinfo><ptvctinf><esriterm Name="theoretical_points"><efeatyp Sync="TRUE">Simple</efeatyp><efeageom code="1" Sync="TRUE"></efeageom><esritopo Sync="TRUE">FALSE</esritopo><efeacnt Sync="TRUE">0</efeacnt><spindex Sync="TRUE">FALSE</spindex><linrefer Sync="TRUE">FALSE</linrefer></esriterm></ptvctinf></spdoinfo><eainfo><detailed Name="theoretical_points"><enttyp><enttypl Sync="TRUE">theoretical_points</enttypl><enttypt Sync="TRUE">Feature Class</enttypt><enttypc Sync="TRUE">0</enttypc></enttyp><attr><attrlabl Sync="TRUE">FID</attrlabl><attalias Sync="TRUE">FID</attalias><attrtype Sync="TRUE">OID</attrtype><attwidth Sync="TRUE">4</attwidth><atprecis Sync="TRUE">0</atprecis><attscale Sync="TRUE">0</attscale><attrdef Sync="TRUE">Internal feature number.</attrdef><attrdefs Sync="TRUE">Esri</attrdefs><attrdomv><udom Sync="TRUE">Sequential unique whole numbers that are automatically generated.</udom></attrdomv></attr><attr><attrlabl Sync="TRUE">Shape</attrlabl><attalias Sync="TRUE">Shape</attalias><attrtype Sync="TRUE">Geometry</attrtype><attwidth Sync="TRUE">0</attwidth><atprecis Sync="TRUE">0</atprecis><attscale Sync="TRUE">0</attscale><attrdef Sync="TRUE">Feature geometry.</attrdef><attrdefs Sync="TRUE">Esri</attrdefs><attrdomv><udom Sync="TRUE">Coordinates defining the features.</udom></attrdomv></attr><attr><attrlabl Sync="TRUE">ORIG_FID</attrlabl><attalias Sync="TRUE">ORIG_FID</attalias><attrtype Sync="TRUE">Integer</attrtype><attwidth Sync="TRUE">10</attwidth><atprecis Sync="TRUE">10</atprecis><attscale Sync="TRUE">0</attscale></attr><attr><attrlabl Sync="TRUE">NAME</attrlabl><attalias Sync="TRUE">NAME</attalias><attrtype Sync="TRUE">String</attrtype><attwidth Sync="TRUE">50</attwidth><atprecis Sync="TRUE">0</atprecis><attscale Sync="TRUE">0</attscale></attr><attr><attrlabl Sync="TRUE">REC_INTERV</attrlabl><attalias Sync="TRUE">REC_INTERV</attalias><attrtype Sync="TRUE">String</attrtype><attwidth Sync="TRUE">50</attwidth><atprecis Sync="TRUE">0</atprecis><attscale Sync="TRUE">0</attscale></attr><attr><attrlabl Sync="TRUE">SECTION</attrlabl><attalias Sync="TRUE">SECTION</attalias><attrtype Sync="TRUE">String</attrtype><attwidth Sync="TRUE">50</attwidth><atprecis Sync="TRUE">0</atprecis><attscale Sync="TRUE">0</attscale></attr><attr><attrlabl Sync="TRUE">AUTHOR</attrlabl><attalias Sync="TRUE">AUTHOR</attalias><attrtype Sync="TRUE">String</attrtype><attwidth Sync="TRUE">128</attwidth><atprecis Sync="TRUE">0</atprecis><attscale Sync="TRUE">0</attscale></attr><attr><attrlabl Sync="TRUE">SOURCE</attrlabl><attalias Sync="TRUE">SOURCE</attalias><attrtype Sync="TRUE">String</attrtype><attwidth Sync="TRUE">254</attwidth><atprecis Sync="TRUE">0</atprecis><attscale Sync="TRUE">0</attscale></attr><attr><attrlabl Sync="TRUE">ACCURACY</attrlabl><attalias Sync="TRUE">ACCURACY</attalias><attrtype Sync="TRUE">String</attrtype><attwidth Sync="TRUE">30</attwidth><atprecis Sync="TRUE">0</atprecis><attscale Sync="TRUE">0</attscale></attr><attr><attrlabl Sync="TRUE">DOWNQUAD</attrlabl><attalias Sync="TRUE">DOWNQUAD</attalias><attrtype Sync="TRUE">String</attrtype><attwidth Sync="TRUE">20</attwidth><atprecis Sync="TRUE">0</atprecis><attscale Sync="TRUE">0</attscale></attr><attr><attrlabl Sync="TRUE">SLIPRATE</attrlabl><attalias Sync="TRUE">SLIPRATE</attalias><attrtype Sync="TRUE">String</attrtype><attwidth Sync="TRUE">30</attwidth><atprecis Sync="TRUE">0</atprecis><attscale Sync="TRUE">0</attscale></attr><attr><attrlabl Sync="TRUE">SUBSLIPTYP</attrlabl><attalias Sync="TRUE">SUBSLIPTYP</attalias><attrtype Sync="TRUE">String</attrtype><attwidth Sync="TRUE">30</attwidth><atprecis Sync="TRUE">0</atprecis><attscale Sync="TRUE">0</attscale></attr><attr><attrlabl Sync="TRUE">LASTEVENT</attrlabl><attalias Sync="TRUE">LASTEVENT</attalias><attrtype Sync="TRUE">String</attrtype><attwidth Sync="TRUE">50</attwidth><atprecis Sync="TRUE">0</atprecis><attscale Sync="TRUE">0</attscale></attr><attr><attrlabl Sync="TRUE">DOMSLIPTYP</attrlabl><attalias Sync="TRUE">DOMSLIPTYP</attalias><attrtype Sync="TRUE">String</attrtype><attwidth Sync="TRUE">30</attwidth><atprecis Sync="TRUE">0</atprecis><attscale Sync="TRUE">0</attscale></attr><attr><attrlabl Sync="TRUE">DIPDIRECTI</attrlabl><attalias Sync="TRUE">DIPDIRECTI</attalias><attrtype Sync="TRUE">String</attrtype><attwidth Sync="TRUE">20</attwidth><atprecis Sync="TRUE">0</atprecis><attscale Sync="TRUE">0</attscale></attr><attr><attrlabl Sync="TRUE">EVENT</attrlabl><attalias Sync="TRUE">EVENT</attalias><attrtype Sync="TRUE">String</attrtype><attwidth Sync="TRUE">50</attwidth><atprecis Sync="TRUE">0</atprecis><attscale Sync="TRUE">0</attscale></attr><attr><attrlabl Sync="TRUE">DIP_</attrlabl><attalias Sync="TRUE">DIP_</attalias><attrtype Sync="TRUE">String</attrtype><attwidth Sync="TRUE">30</attwidth><atprecis Sync="TRUE">0</atprecis><attscale Sync="TRUE">0</attscale></attr><attr><attrlabl Sync="TRUE">DISPLACEM</attrlabl><attalias Sync="TRUE">DISPLACEM</attalias><attrtype Sync="TRUE">String</attrtype><attwidth Sync="TRUE">30</attwidth><atprecis Sync="TRUE">0</atprecis><attscale Sync="TRUE">0</attscale></attr><attr><attrlabl Sync="TRUE">Shape_Leng</attrlabl><attalias Sync="TRUE">Shape_Leng</attalias><attrtype Sync="TRUE">Double</attrtype><attwidth Sync="TRUE">19</attwidth><atprecis Sync="TRUE">0</atprecis><attscale Sync="TRUE">0</attscale></attr><attr><attrlabl Sync="TRUE">NEAR_DIST</attrlabl><attalias Sync="TRUE">NEAR_DIST</attalias><attrtype Sync="TRUE">Double</attrtype><attwidth Sync="TRUE">19</attwidth><atprecis Sync="TRUE">0</atprecis><attscale Sync="TRUE">0</attscale></attr><attr><attrlabl Sync="TRUE">NEAR_X</attrlabl><attalias Sync="TRUE">NEAR_X</attalias><attrtype Sync="TRUE">Double</attrtype><attwidth Sync="TRUE">19</attwidth><atprecis Sync="TRUE">0</atprecis><attscale Sync="TRUE">0</attscale></attr><attr><attrlabl Sync="TRUE">NEAR_Y</attrlabl><attalias Sync="TRUE">NEAR_Y</attalias><attrtype Sync="TRUE">Double</attrtype><attwidth Sync="TRUE">19</attwidth><atprecis Sync="TRUE">0</atprecis><attscale Sync="TRUE">0</attscale></attr><attr><attrlabl Sync="TRUE">NEAR_FID</attrlabl><attalias Sync="TRUE">NEAR_FID</attalias><attrtype Sync="TRUE">Integer</attrtype><attwidth Sync="TRUE">10</attwidth><atprecis Sync="TRUE">10</atprecis><attscale Sync="TRUE">0</attscale></attr><attr><attrlabl Sync="TRUE">BEST_X</attrlabl><attalias Sync="TRUE">BEST_X</attalias><attrtype Sync="TRUE">Double</attrtype><attwidth Sync="TRUE">19</attwidth><atprecis Sync="TRUE">0</atprecis><attscale Sync="TRUE">0</attscale></attr><attr><attrlabl Sync="TRUE">BEST_Y</attrlabl><attalias Sync="TRUE">BEST_Y</attalias><attrtype Sync="TRUE">Double</attrtype><attwidth Sync="TRUE">19</attwidth><atprecis Sync="TRUE">0</atprecis><attscale Sync="TRUE">0</attscale></attr><attr><attrlabl Sync="TRUE">BEST_RATIN</attrlabl><attalias Sync="TRUE">BEST_RATIN</attalias><attrtype Sync="TRUE">Double</attrtype><attwidth Sync="TRUE">19</attwidth><atprecis Sync="TRUE">0</atprecis><attscale Sync="TRUE">0</attscale></attr></detailed></eainfo><mdDateSt Sync="TRUE">20191204</mdDateSt></metadata>
